,0,1,2,3,4,5,6,7,8
0,1, True,1,1,182,182,244,0.74590164,1
1,2, True,2,1,162,142,164,0.79411765,2
2,3, True,3,1,260.3333333,457,630,0.75240848,3
3,4, True,4,1,330.5,541,728,0.74858437,4
4,5, True,5,1,313.6,246,312,0.7545717,5
5,6, True,6,1,310.3333333,294,375,0.75907053,6
6,7, True,7,1,305.2857143,275,314,,7
7,8, True,8,1,295.75,229,280,0.77650148,8
8,9, True,9,1,325.8888889,567,744,0.77367449,9
9,10, True,10,1,341.8,485,615,0.77576033,10
10,11, True,11,1,335.3636364,271,374,0.77175732,11
11,12, True,12,1,333.9166667,318,453,0.76571756,12
12,13, True,13,1,330.1538462,285,410,0.76058834,13
13,14, True,14,1,341.0714286,483,619,0.76253593,14
14,15, True,15,1,335.3333333,255,327,0.76339353,15
15,16, True,16,1,327.25,206,216,0.76943424,16
16,17, True,17,1,317.2941177,158,186,0.77156344,17
17,18, True,18,1,314.3888889,265,303,0.77584316,17
18,19, True,19,1,319.0526316,403,460,0.78179004,18
19,20, True,20,1,312.55,189,216,0.78431619,19
20,21, True,21,1,303.4285714,121,159,0.78386025,19
21,22, True,22,1,292.5454546,64,92,0.78287313,20
22,23, True,23,1,296.5217391,384,582,0.77473589,21
23,24, True,24,1,305.0416667,501,575,0.78065686,22
24,25, True,25,1,314.52,542,753,0.77613266,23
25,26, True,26,1,306.6538462,110,125,0.7773986,24
26,27, True,27,1,304.3333333,244,277,0.78011962,25
27,28, True,28,1,299.2142857,161,179,0.78211352,26
28,29, True,29,1,306.862069,521,597,0.78689539,26
29,30, True,30,1,312.2666667,469,631,0.78458961,27
30,31, True,31,1,311.0967742,276,377,0.78298287,28
31,32, True,32,1,309.46875,259,322,0.78352718,29
32,33, True,33,1,315.3333333,503,715,0.77924217,30
33,34, True,34,1,317.0588235,374,417,0.78280444,30
34,35, True,35,1,318.0285714,351,429,0.78387324,31
35,36, True,36,1,314.0833333,176,205,0.78493579,32
36,37, True,37,1,310.0540541,165,195,0.78575342,32
37,38, True,38,1,305,118,126,0.78704332,33
38,39, True,39,1,309.6153846,485,625,0.78659371,34
39,40, True,40,1,313.025,446,534,0.78822789,35
40,41, True,41,1,313.7317073,342,495,0.78528694,36
41,42, True,42,1,319.0952381,539,651,0.78691797,37
42,43, True,43,1,324.3255814,544,637,0.78933665,38
43,44, True,44,1,331.0227273,619,828,0.78746756,38
44,45, True,45,1,326.9333333,147,213,0.78635951,39
45,46, True,46,1,321.8043478,91,129,0.78580529,40
46,47, True,47,1,318.7021277,176,235,0.78535102,40
47,48, True,48,1,316.9375,234,243,0.78758542,41
48,49, True,49,1,318.3877551,388,560,0.78491648,42
49,50, True,50,1,319.86,392,491,0.78524083,43
50,51, True,51,1,321.2745098,392,538,0.78378378,43
51,52, True,52,1,320.6538462,289,328,0.78528705,44
52,53, True,53,1,325.0943396,556,718,0.78493007,44
53,54, True,54,1,325.0555556,323,411,0.78494768,45
54,55, True,55,1,326.2727273,392,524,0.78410382,43
55,56, True,56,1,325,255,269,0.78600734,44
56,57, True,57,1,325.4912281,353,495,0.78448203,45
57,58, True,58,1,322.1724138,133,161,0.78476334,46
58,59, True,59,1,322.7288136,355,567,0.7810731,46
59,60, True,60,1,326.1666667,529,644,0.78211174,47
60,61, True,61,1,328.4262295,464,543,0.78364952,48
61,62, True,62,1,331.6612903,529,644,0.78457782,49
62,63, True,63,1,334.5873016,516,616,0.78579683,50
63,64, True,64,1,333.96875,295,357,0.78632919,51
64,65, True,65,1,333.6,310,417,0.78568064,51
65,66, True,66,1,337.969697,622,790,0.78572687,52
66,67, True,67,1,341.2537313,558,796,0.78341614,53
67,68, True,68,1,339.1176471,196,262,0.78310184,54
68,69, True,69,1,338.2318841,278,360,0.78297044,55
69,70, True,70,1,335.7714286,166,182,0.78375404,54
70,71, True,71,1,337.1971831,437,558,0.78374308,55
71,72, True,72,1,339.125,476,641,0.78289727,56
72,73, True,73,1,337.4109589,214,316,0.78183723,57
73,74, True,74,1,336.6216216,279,353,0.78193176,58
74,75, True,75,1,335.08,221,295,0.781631,58
75,76, True,76,1,338.5131579,596,695,0.78323743,58
76,77, True,77,1,339.2857143,398,486,0.78375784,57
77,78, True,78,1,341.1410256,484,602,0.78411669,58
78,79, True,79,1,341.2405063,349,446,0.78409587,59
79,80, True,80,1,343.525,524,662,0.78423651,59
80,81, True,81,1,345.3703704,493,617,0.78449243,57
81,82, True,82,1,346.6341463,449,649,0.78283621,58
82,83, True,83,1,345,211,263,0.78297605,59
83,84, True,84,1,343.7142857,237,256,0.78396872,60
84,85, True,85,1,341.7176471,174,216,0.78409459,61
85,86, True,86,1,342.2325581,386,537,0.7831617,62
86,87, True,87,1,341.3103448,262,323,0.78340017,63
87,88, True,88,1,343.1136364,500,665,0.7828567,61
88,89, True,89,1,342.4269663,282,343,0.78320312,62
89,90, True,90,1,341.9444444,299,401,0.78281993,63
90,91, True,91,1,339.6703297,135,171,0.78284875,64
91,92, True,92,1,340.9782609,460,625,0.78211873,64
92,93, True,93,1,342,436,601,0.78128224,65
93,94, True,94,1,340.712766,221,265,0.78162294,66
94,95, True,95,1,339.6421053,239,303,0.78167547,67
95,96, True,96,1,341.5208333,520,632,0.78229539,66
96,97, True,97,1,339.5876289,154,202,0.78219985,66
97,98, True,98,1,337.5408163,139,190,0.78197248,67
98,99, True,99,1,338.1919192,402,505,0.78213844,68
99,100, True,100,1,335.61,80,86,0.78243536,68
100,101, True,101,1,337.5643564,533,677,0.7825109,69
101,102, True,102,1,335.4607843,123,167,0.78233532,69
102,103, True,103,1,337.592233,555,754,0.78155132,70
103,104, True,104,1,336.0769231,180,214,0.78183648,71
104,105,FALSE,104,0.99047619,332.8761905,0,0,0.78183648,71
105,106, True,105,0.99056604,331.6132076,199,240,0.78208922,72
106,107, True,106,0.99065421,332.4766355,424,513,0.78259052,71
107,108, True,107,0.99074074,333.2407407,415,538,0.78245934,71
108,109, True,108,0.99082569,335.1376147,540,722,0.7819256,69
109,110, True,109,0.99090909,333.5,155,195,0.78197941,69
110,111, True,110,0.99099099,331.4864865,110,110,0.78248942,68
111,112, True,111,0.99107143,331.0714286,285,376,0.78229499,69
112,113, True,112,0.99115044,331.159292,341,412,0.78268599,69
113,114, True,113,0.99122807,332.2894737,460,642,0.78180918,70
114,115, True,114,0.99130435,330.1913044,91,93,0.78218597,71
115,116, True,115,0.99137931,332.1206897,554,741,0.78166657,71
116,117, True,116,0.99145299,333.8376068,533,698,0.78141442,72
117,118, True,117,0.99152542,333.0932203,246,322,0.7813028,72
118,119, True,118,0.99159664,334.3445378,482,715,0.77980087,73
119,120, True,119,0.99166667,332.9083333,162,196,0.77997969,73
120,121, True,120,0.99173554,333.9586777,460,579,0.78014171,73
121,122,FALSE,120,0.98360656,331.2213115,0,0,0.78014171,73
122,123, True,121,0.98373984,332.0162602,429,533,0.78039366,74
123,124, True,122,0.98387097,333.6612903,536,678,0.78052369,73
124,125,FALSE,122,0.976,330.992,0,0,0.78052369,73
125,126, True,123,0.97619048,329.3888889,129,155,0.78067453,74
126,127, True,124,0.97637795,327.8661417,136,166,0.78079469,75
127,128,FALSE,124,0.96875,325.3046875,0,0,0.78079469,74
128,129,FALSE,124,0.96124031,322.7829457,0,0,0.78079469,74
129,130, True,125,0.96153846,321.0076923,92,119,0.78077758,72
130,131, True,126,0.96183206,320.4198473,244,303,0.7809157,73
131,132, True,127,0.96212121,318.8787879,117,139,0.78107256,72
132,133, True,128,0.96240602,320.7819549,572,788,0.78027726,73
133,134, True,129,0.96268657,322.1716418,507,682,0.77982298,74
134,135, True,130,0.96296296,320.4814815,94,100,0.78011179,74
135,136, True,131,0.96323529,322.2720588,564,736,0.77993096,73
136,137,FALSE,131,0.95620438,319.919708,0,0,0.77993096,73
137,138, True,132,0.95652174,318.6956522,151,170,0.7802576,74
138,139, True,133,0.95683453,319.3597122,411,530,0.78021302,73
139,140,FALSE,133,0.95,317.0785714,0,0,0.78021302,73
140,141,FALSE,133,0.94326241,314.8297872,0,0,0.78021302,71
141,142, True,134,0.94366197,316.028169,485,572,0.78088675,72
142,143, True,135,0.94405594,317.5034965,527,744,0.77995946,72
143,144,FALSE,135,0.9375,315.2986111,0,0,0.77995946,72
144,145,FALSE,135,0.93103448,313.1241379,0,0,0.77995946,71
145,146, True,136,0.93150685,312.3835616,205,229,0.78041101,71
146,147,FALSE,136,0.92517007,310.2585034,0,0,0.78041101,70
147,148, True,137,0.92567568,308.8648649,104,106,0.78077442,70
148,149, True,138,0.9261745,309.8255034,452,553,0.78111675,71
149,150, True,139,0.92666667,310.4733333,407,515,0.78119601,72
150,151, True,140,0.92715232,311.7019868,496,685,0.78054726,71
151,152, True,141,0.92763158,310.8947368,189,241,0.78056193,72
152,153,FALSE,141,0.92156863,308.8627451,0,0,0.78056193,72
153,154, True,142,0.92207792,310.3636364,540,661,0.78095487,71
154,155, True,143,0.92258065,309.2903226,144,208,0.78065462,72
155,156, True,144,0.92307692,309.3461539,318,383,0.78096224,72
156,157, True,145,0.92356688,310.5414013,497,578,0.78169342,73
157,158, True,146,0.92405063,309.1772152,95,98,0.78198787,74
158,159, True,147,0.9245283,308.6666667,228,276,0.78218185,73
159,160,FALSE,147,0.91875,306.7375,0,0,0.78218185,72
160,161, True,148,0.91925466,308.1304348,531,704,0.78187205,71
161,162, True,149,0.91975309,307.617284,225,281,0.78195512,71
162,163, True,150,0.9202454,308.1656442,397,517,0.78184195,72
163,164, True,151,0.92073171,308.7256098,400,521,0.78172863,73
164,165, True,152,0.92121212,307.9757576,185,235,0.78174853,73
165,166, True,153,0.92168675,308.6927711,427,615,0.78092901,74
166,167, True,154,0.92215569,308.9700599,355,490,0.78051068,74
167,168,FALSE,154,0.91666667,307.1309524,0,0,0.78051068,74
168,169, True,155,0.91715976,305.8579882,92,105,0.78066241,75
169,170,FALSE,155,0.91176471,304.0588235,0,0,0.78066241,75
170,171,FALSE,155,0.90643275,302.2807018,0,0,0.78066241,74
171,172,FALSE,155,0.90116279,300.5232558,0,0,0.78066241,74
172,173, True,156,0.9017341,299.4971098,123,149,0.78076309,73
173,174, True,157,0.90229885,300.2298851,427,557,0.78064526,73
174,175,FALSE,157,0.89714286,298.5142857,0,0,0.78064526,73
175,176, True,158,0.89772727,297.5852273,135,142,0.78100535,72
176,177, True,159,0.89830508,296.440678,95,137,0.78082681,72
177,178, True,160,0.8988764,297.3483146,458,575,0.78095997,72
178,179, True,161,0.89944134,297.9664805,408,552,0.78062203,73
179,180, True,162,0.9,299.4388889,563,724,0.7805906,74
180,181,FALSE,162,0.89502762,297.7845304,0,0,0.7805906,74
181,182, True,163,0.8956044,298.521978,432,568,0.78042719,75
182,183,FALSE,163,0.89071038,296.8907104,0,0,0.78042719,75
183,184, True,164,0.89130435,296.2282609,175,238,0.78027342,74
184,185, True,165,0.89189189,295.6108108,182,272,0.77984229,75
185,186, True,166,0.89247312,295.7688172,325,388,0.78016025,75
186,187, True,167,0.89304813,295.3368984,215,274,0.78017771,74
187,188, True,168,0.89361702,294.7553192,186,255,0.7799955,74
188,189, True,169,0.89417989,295.6613757,466,597,0.78000028,72
189,190, True,170,0.89473684,295.5526316,275,285,0.78073298,73
190,191, True,171,0.89528796,296.3612565,450,651,0.77993028,74
191,192, True,172,0.89583333,297.6927083,552,688,0.78014059,73
192,193, True,173,0.89637306,298.4870466,451,618,0.77971929,73
193,194, True,174,0.89690722,299.572165,509,617,0.78009396,73
194,195, True,175,0.8974359,298.9948718,187,228,0.78021625,74
195,196, True,176,0.89795918,298.6530612,232,267,0.78053204,75
196,197, True,177,0.89847716,298.0609137,182,193,0.78094909,75
197,198, True,178,0.8989899,298.6919192,423,513,0.78124463,74
198,199, True,179,0.89949749,297.6834171,98,119,0.781311,75
199,200, True,180,0.9,296.965,154,181,0.78147656,76
200,201, True,181,0.90049751,297.4228856,389,489,0.78156622,75
201,202, True,182,0.9009901,298.4059406,496,619,0.78172457,76
202,203, True,183,0.90147783,298.8078818,380,458,0.78200781,77
203,204, True,184,0.90196078,299.5735294,455,646,0.78136627,78
204,205,FALSE,184,0.89756098,298.1121951,0,0,0.78136627,77
205,206, True,185,0.89805825,298.6990291,419,616,0.78057568,74
206,207, True,186,0.89855072,297.942029,142,156,0.7808318,74
207,208, True,187,0.89903846,298.8365385,484,729,0.77976265,75
208,209, True,188,0.89952153,300.0191388,546,798,0.77881558,74
209,210, True,189,0.9,299.0428571,95,103,0.77899895,75
210,211, True,190,0.90047393,299.7440758,447,622,0.77853687,76
211,212, True,191,0.9009434,301,566,735,0.77846094,77
212,213,FALSE,191,0.89671362,299.5868545,0,0,0.77846094,77
213,214, True,192,0.89719626,298.8738318,147,164,0.77869631,75
214,215, True,193,0.89767442,298.0093023,113,131,0.77882991,75
215,216, True,194,0.89814815,298.8009259,469,614,0.77871889,76
216,217, True,195,0.89861751,299.0184332,346,412,0.77902105,76
217,218, True,196,0.89908257,299.8211009,474,596,0.77913672,76
218,219,FALSE,196,0.89497717,298.4520548,0,0,0.77913672,76
219,220, True,197,0.89545455,297.5,89,97,0.77929655,77
220,221, True,198,0.8959276,296.6742081,115,117,0.7795798,77
221,222, True,199,0.8963964,297.2702703,429,543,0.779647,78
222,223, True,200,0.89686099,297.2959641,303,380,0.7797262,79
223,224,FALSE,200,0.89285714,295.96875,0,0,0.7797262,79
224,225, True,201,0.89333333,296.4666667,408,531,0.77965567,79
225,226, True,202,0.89380531,296.3230089,264,335,0.77968845,80
226,227, True,203,0.89427313,296.3964758,313,391,0.77978281,80
227,228, True,204,0.89473684,295.4868421,89,93,0.7799736,81
228,229,FALSE,204,0.89082969,294.1965066,0,0,0.7799736,81
229,230, True,205,0.89130435,294.4695652,357,505,0.77954904,81
230,231, True,206,0.89177489,294.1125541,212,294,0.77935188,82
231,232,FALSE,206,0.88793103,292.8448276,0,0,0.77935188,82
232,233, True,207,0.88841202,291.8798283,68,70,0.77950599,83
233,234, True,208,0.88888889,291.5,203,246,0.77963448,84
234,235,FALSE,208,0.88510638,290.2595745,0,0,0.77963448,84
235,236, True,209,0.88559322,289.6949153,157,215,0.77951337,85
236,237,FALSE,209,0.88185654,288.4725738,0,0,0.77951337,85
237,238, True,210,0.88235294,288.1554622,213,247,0.779746,82
238,239, True,211,0.88284519,287.6276151,162,214,0.77969081,81
239,240, True,212,0.88333333,286.9625,128,157,0.77975409,82
240,241, True,213,0.88381743,288.5103734,660,919,0.77911993,79
241,242, True,214,0.88429752,288.9256198,389,565,0.7785498,80
242,243, True,215,0.88477366,289.3168724,384,517,0.77834487,80
243,244, True,216,0.8852459,290.3401639,539,698,0.77829779,80
244,245, True,217,0.88571429,291.0653061,468,678,0.77764692,81
245,246, True,218,0.88617886,290.5243902,158,174,0.77789388,81
246,247, True,219,0.88663968,291.5101215,534,742,0.77742747,82
247,248,FALSE,219,0.88306452,290.3346774,0,0,0.77742747,82
248,249,FALSE,219,0.87951807,289.1686747,0,0,0.77742747,82
249,250,FALSE,219,0.876,288.012,0,0,0.77742747,81
250,251,FALSE,219,0.87250996,286.8645418,0,0,0.77742747,81
251,252,FALSE,219,0.86904762,285.7261905,0,0,0.77742747,81
252,253,FALSE,219,0.86561265,284.5968379,0,0,0.77742747,81
253,254,FALSE,219,0.86220472,283.476378,0,0,0.77742747,80
254,255,FALSE,219,0.85882353,282.3647059,0,0,0.77742747,80
255,256,FALSE,219,0.85546875,281.2617188,0,0,0.77742747,80
256,257,FALSE,219,0.85214008,280.1673152,0,0,0.77742747,80
257,258, True,220,0.85271318,279.6782946,154,162,0.77772987,81
258,259,FALSE,220,0.84942085,278.5984556,0,0,0.77772987,81
259,260, True,221,0.85,278.3153846,205,281,0.77758435,80
260,261,FALSE,221,0.8467433,277.2490422,0,0,0.77758435,80
261,262,FALSE,221,0.84351145,276.1908397,0,0,0.77758435,80
262,263, True,222,0.84410646,276.0760456,246,304,0.77768733,79
263,264, True,223,0.84469697,275.9621212,246,290,0.77790591,79
264,265,FALSE,223,0.84150943,274.9207547,0,0,0.77790591,78
265,266, True,224,0.84210526,275.0488722,309,463,0.77736222,78
266,267, True,225,0.84269663,275.906367,504,768,0.77638194,77
267,268, True,226,0.84328358,276.6529851,476,702,0.77565987,76
268,269,FALSE,226,0.8401487,275.6245353,0,0,0.77565987,76
269,270,FALSE,226,0.83703704,274.6037037,0,0,0.77565987,76
270,271, True,227,0.83763838,274.1439114,150,152,0.77599515,74
271,272, True,228,0.83823529,274.4889706,368,444,0.77623904,75
272,273,FALSE,228,0.83516484,273.4835165,0,0,0.77623904,75
273,274, True,229,0.83576642,273.3138686,227,375,0.7755753,75
274,275, True,230,0.83636364,274.3381818,555,684,0.77582732,75
275,276, True,231,0.83695652,274.25,250,311,0.77591668,76
276,277, True,232,0.83754513,274.1444043,245,344,0.77569282,76
277,278, True,233,0.8381295,273.5683453,114,114,0.77595372,76
278,279, True,234,0.83870968,273.1899642,168,170,0.77632128,73
279,280, True,235,0.83928571,272.8428571,176,236,0.77624801,74
280,281, True,236,0.83985765,273.6049822,487,686,0.77578883,74
281,282, True,237,0.84042553,274.2092199,444,646,0.77521579,74
282,283, True,238,0.8409894,274.2897527,297,318,0.77572027,75
283,284, True,239,0.8415493,274.471831,326,400,0.77587666,74
284,285, True,240,0.84210526,273.8736842,104,104,0.77610842,75
285,286, True,241,0.84265734,274.2657343,386,464,0.77636463,76
286,287, True,242,0.84320557,275.0243902,492,639,0.77632433,77
287,288, True,243,0.84375,275.7847222,494,735,0.77557637,77
288,289, True,244,0.84429066,275.4463668,178,245,0.77545931,77
289,290,FALSE,244,0.84137931,274.4965517,0,0,0.77545931,76
290,291, True,245,0.8419244,274.5189003,281,373,0.77537927,73
291,292, True,246,0.84246575,274.8321918,366,470,0.77539446,74
292,293,FALSE,246,0.83959044,273.894198,0,0,0.77539446,74
293,294, True,247,0.84013605,273.4727891,150,206,0.77530062,75
294,295, True,248,0.84067797,273.8847458,395,573,0.77482834,76
295,296, True,249,0.84121622,273.4560811,147,171,0.77496721,77
296,297, True,250,0.84175084,273.4040404,258,318,0.77507755,77
297,298, True,251,0.84228188,272.8557047,110,123,0.77521737,78
298,299, True,252,0.84280936,272.3645485,126,136,0.77541324,79
299,300,FALSE,252,0.84,271.4566667,0,0,0.77541324,78
300,301, True,253,0.84053156,271.3754153,247,333,0.77530681,77
301,302, True,254,0.8410596,272.0198676,466,607,0.7752633,78
302,303, True,255,0.84158416,271.650165,160,168,0.77554366,78
303,304, True,256,0.84210526,272.4111842,503,667,0.77540988,78
304,305, True,257,0.84262295,273.0131148,456,595,0.77535989,73
305,306, True,258,0.84313725,274.0653595,595,787,0.77521931,74
306,307, True,259,0.84364821,274.5635179,427,493,0.77563171,75
307,308, True,260,0.84415584,274.8961039,377,555,0.77514213,74
308,309,FALSE,260,0.84142395,274.0064725,0,0,0.77514213,74
309,310,FALSE,260,0.83870968,273.1225807,0,0,0.77514213,74
310,311, True,261,0.8392283,273.0675241,256,316,0.77524305,71
311,312, True,262,0.83974359,272.7083333,161,203,0.77527609,72
312,313, True,263,0.84025559,273.0607029,383,497,0.77525511,71
313,314, True,264,0.84076433,272.9458599,237,329,0.77509179,72
314,315, True,265,0.84126984,272.7936508,225,271,0.77522667,73
315,316, True,266,0.84177215,272.3702532,139,166,0.77531956,71
316,317, True,267,0.84227129,272.0473186,170,170,0.77566311,72
317,318, True,268,0.8427673,272.0974843,288,306,0.77611739,72
318,319, True,269,0.84326019,272.6645768,453,681,0.77544398,73
319,320, True,270,0.84375,273.253125,461,564,0.77565376,72
320,321, True,271,0.84423676,274.3800623,635,890,0.77516678,73
321,322, True,272,0.8447205,274.0186335,158,230,0.77498858,74
322,323,FALSE,272,0.84210526,273.1702786,0,0,0.77498858,74
323,324,FALSE,272,0.83950617,272.3271605,0,0,0.77498858,74
324,325, True,273,0.84,271.7446154,83,83,0.7751525,75
325,326, True,274,0.8404908,271.4386503,172,229,0.77510424,74
326,327, True,275,0.84097859,270.969419,118,148,0.77513297,73
327,328, True,276,0.84146341,270.3963415,83,90,0.77524868,74
328,329, True,277,0.84194529,270.006079,142,188,0.77521599,75
329,330, True,278,0.84242424,269.9333333,246,317,0.77521822,76
330,331, True,279,0.8429003,270.4773414,450,580,0.77522145,76
331,332, True,280,0.84337349,270.8403615,391,525,0.77508361,76
332,333, True,281,0.84384384,271.0750751,349,473,0.77493239,75
333,334, True,282,0.84431138,270.988024,242,256,0.77530602,76
334,335, True,283,0.84477612,271.238806,355,441,0.77541773,77
335,336, True,284,0.8452381,270.9702381,181,216,0.7755328,78
336,337,FALSE,284,0.84272997,270.1661721,0,0,0.7755328,78
337,338,FALSE,284,0.84023669,269.3668639,0,0,0.7755328,77
338,339,FALSE,284,0.83775811,268.5722714,0,0,0.7755328,77
339,340,FALSE,284,0.83529412,267.7823529,0,0,0.7755328,77
340,341, True,285,0.83577713,267.5395894,185,243,0.77550344,76
341,342, True,286,0.83625731,268.1432749,474,638,0.77532783,77
342,343,FALSE,286,0.83381924,267.361516,0,0,0.77532783,77
343,344,FALSE,286,0.83139535,266.5843023,0,0,0.77532783,77
344,345,FALSE,286,0.82898551,265.8115942,0,0,0.77532783,75
345,346,FALSE,286,0.8265896,265.0433526,0,0,0.77532783,75
346,347,FALSE,286,0.82420749,264.2795389,0,0,0.77532783,75
347,348, True,287,0.82471264,263.7672414,86,95,0.77543211,76
348,349, True,288,0.8252149,263.3295129,111,114,0.77562285,74
349,350, True,289,0.82571429,264.1028571,534,717,0.77543727,74
350,351, True,290,0.82621083,264.3475784,350,375,0.77593243,73
351,352, True,291,0.82670455,264.2301136,223,303,0.77583144,72
352,353, True,292,0.82719547,265.0056657,538,762,0.77539061,73
353,354, True,293,0.82768362,265.3220339,377,516,0.77519994,74
354,355, True,294,0.82816901,265.1014085,187,245,0.77517586,75
355,356, True,295,0.82865169,265.0983146,264,322,0.7752941,75
356,357,FALSE,295,0.82633053,264.3557423,0,0,0.7752941,75
357,358,FALSE,295,0.82402235,263.6173184,0,0,0.7752941,74
358,359, True,296,0.82451253,263.4150418,191,306,0.77491519,75
359,360,FALSE,296,0.82222222,262.6833333,0,0,0.77491519,75
360,361, True,297,0.82271468,262.2963989,123,167,0.77486273,76
361,362,FALSE,297,0.82044199,261.5718232,0,0,0.77486273,76
362,363,FALSE,297,0.81818182,260.8512397,0,0,0.77486273,76
363,364, True,298,0.81868132,261.1593407,373,510,0.77468198,75
364,365, True,299,0.81917808,261.7232877,467,628,0.77452387,73
365,366, True,300,0.81967213,262.3251366,482,640,0.77441341,73
366,367, True,301,0.82016349,262.6675749,388,543,0.77415236,74
367,368,FALSE,301,0.81793478,261.9538044,0,0,0.77415236,73
368,369, True,302,0.81842818,262.5474255,481,736,0.77344361,73
369,370, True,303,0.81891892,262.5756757,273,391,0.7732095,74
370,371, True,304,0.81940701,262.9865229,415,557,0.77308527,70
371,372, True,305,0.81989247,262.766129,181,240,0.77304936,70
372,373, True,306,0.82037534,263.6568365,595,743,0.77321152,71
373,374, True,307,0.82085561,263.4545455,188,248,0.77318204,71
374,375, True,308,0.82133333,263.856,414,538,0.77316663,71
375,376, True,309,0.82180851,263.7154255,211,254,0.77328062,71
376,377, True,310,0.82228117,263.3289125,118,122,0.77346495,72
377,378, True,311,0.82275132,262.9074074,104,116,0.77357609,73
378,379, True,312,0.823219,263.2295515,385,495,0.77359222,74
379,380, True,313,0.82368421,262.8657895,125,152,0.77364964,72
380,381, True,314,0.82414698,262.6062992,164,216,0.77362561,71
381,382, True,315,0.82460733,262.421466,192,286,0.77339989,72
382,383, True,316,0.82506527,263.3263708,609,747,0.77363976,72
383,384, True,317,0.82552083,264.1041667,562,731,0.77361283,73
384,385, True,318,0.82597403,264.5584416,439,527,0.77385068,72
385,386, True,319,0.82642487,264.7642487,344,452,0.77380691,71
386,387, True,320,0.82687339,265.1059432,397,565,0.77350382,72
387,388, True,321,0.82731959,265.3041237,342,490,0.77322577,72
388,389, True,322,0.8277635,265.0565553,169,201,0.77332763,73
389,390, True,323,0.82820513,265.4384615,414,505,0.773503,74
390,391, True,324,0.8286445,265.2608696,196,262,0.77345335,73
391,392, True,325,0.82908163,266.0790816,586,811,0.77314743,74
392,393, True,326,0.82951654,265.9211196,204,290,0.77299792,75
393,394, True,327,0.82994924,265.7461929,197,305,0.77271184,75
394,395,FALSE,327,0.8278481,265.0734177,0,0,0.77271184,75
395,396, True,328,0.82828283,264.7525253,138,156,0.77284053,76
396,397, True,329,0.82871537,265.4055416,524,740,0.77248933,75
397,398,FALSE,329,0.82663317,264.7386935,0,0,0.77248933,75
398,399,FALSE,329,0.8245614,264.075188,0,0,0.77248933,74
399,400,FALSE,329,0.8225,263.415,0,0,0.77248933,74
400,401, True,330,0.82294264,263.1620948,162,191,0.77259516,73
401,402, True,331,0.82338308,263.4054726,361,439,0.77275447,70
402,403, True,332,0.82382134,263.9205955,471,563,0.77301568,71
403,404, True,333,0.82425743,263.5519802,115,134,0.77309857,72
404,405, True,334,0.82469136,262.9950617,38,41,0.77314432,71
405,406, True,335,0.82512315,263.5172414,475,515,0.77369993,72
406,407,FALSE,335,0.82309582,262.8697789,0,0,0.77369993,72
407,408, True,336,0.82352941,263.2083333,401,544,0.77355664,73
408,409, True,337,0.82396088,263.7090465,468,579,0.7737009,73
409,410, True,338,0.82439024,263.6609756,244,289,0.77384694,73
410,411, True,339,0.82481752,263.2457421,93,121,0.77384239,73
411,412, True,340,0.82524272,263.7864078,486,663,0.77364978,72
412,413, True,341,0.82566586,264.2082325,438,660,0.77313532,73
413,414, True,342,0.82608696,264.8599034,534,719,0.77298105,74
414,415, True,343,0.82650602,264.6337349,171,203,0.7730802,72
415,416, True,344,0.82692308,264.4855769,203,243,0.7731866,72
416,417, True,345,0.82733813,264.2278178,157,179,0.77331714,73
417,418, True,346,0.8277512,264.8971292,544,649,0.7736114,73
418,419, True,347,0.82816229,265.7350835,616,789,0.77365046,73
419,420, True,348,0.82857143,265.4119048,130,136,0.7738225,73
420,421, True,349,0.82897862,266.0902613,551,752,0.77360901,72
421,422, True,350,0.82938389,266.3104265,359,516,0.77333251,73
422,423,FALSE,350,0.82742317,265.6808511,0,0,0.77333251,73
423,424,FALSE,350,0.8254717,265.0542453,0,0,0.77333251,73
424,425,FALSE,350,0.82352941,264.4305882,0,0,0.77333251,73
425,426, True,351,0.82394366,264.7347418,394,514,0.77330856,74
426,427,FALSE,351,0.82201405,264.1147541,0,0,0.77330856,74
427,428,FALSE,351,0.82009346,263.4976636,0,0,0.77330856,74
428,429,FALSE,351,0.81818182,262.8834499,0,0,0.77330856,74
429,430,FALSE,351,0.81627907,262.272093,0,0,0.77330856,74
430,431,FALSE,351,0.81438515,261.6635731,0,0,0.77330856,74
431,432,FALSE,351,0.8125,261.0578704,0,0,0.77330856,74
432,433,FALSE,351,0.81062356,260.4549654,0,0,0.77330856,74
433,434, True,352,0.81105991,260.2718894,181,245,0.77325064,75
434,435,FALSE,352,0.8091954,259.6735632,0,0,0.77325064,75
435,436,FALSE,352,0.80733945,259.0779817,0,0,0.77325064,75
436,437,FALSE,352,0.80549199,258.4851259,0,0,0.77325064,74
437,438,FALSE,352,0.80365297,257.8949772,0,0,0.77325064,73
438,439,FALSE,352,0.80182232,257.3075171,0,0,0.77325064,73
439,440,FALSE,352,0.8,256.7227273,0,0,0.77325064,73
440,441,FALSE,352,0.79818594,256.1405896,0,0,0.77325064,73
441,442,FALSE,352,0.79638009,255.561086,0,0,0.77325064,73
442,443,FALSE,352,0.79458239,254.9841987,0,0,0.77325064,73
443,444, True,353,0.79504505,254.8513514,196,213,0.77346458,74
444,445,FALSE,353,0.79325843,254.2786517,0,0,0.77346458,73
445,446, True,354,0.79372197,254.103139,176,250,0.77334607,74
446,447, True,355,0.79418345,254.0425056,227,327,0.77316983,74
447,448, True,356,0.79464286,253.9888393,230,298,0.77316709,75
448,449, True,357,0.79510022,253.7060134,127,135,0.77332066,76
449,450,FALSE,357,0.79333333,253.1422222,0,0,0.77332066,76
450,451,FALSE,357,0.79157428,252.5809313,0,0,0.77332066,75
451,452,FALSE,357,0.78982301,252.0221239,0,0,0.77332066,75
452,453, True,358,0.79028698,252.4944812,466,560,0.77354343,75
453,454, True,359,0.7907489,252.1806167,110,132,0.77359676,75
454,455,FALSE,359,0.78901099,251.6263736,0,0,0.77359676,75
455,456, True,360,0.78947368,251.5438597,214,293,0.77351136,75
456,457, True,361,0.78993435,251.2647702,124,154,0.77354423,76
457,458, True,362,0.79039301,251.1790393,212,346,0.77317024,77
458,459,FALSE,362,0.78867102,250.6318083,0,0,0.77317024,77
459,460,FALSE,362,0.78695652,250.0869565,0,0,0.77317024,76
460,461, True,363,0.78741866,250.1388286,274,410,0.77288204,76
461,462, True,364,0.78787879,250.8333333,571,724,0.7729583,73
462,463, True,365,0.78833693,250.9978402,327,439,0.77287631,74
463,464, True,366,0.7887931,251.7068966,580,756,0.77284789,73
464,465, True,367,0.78924731,252.2086022,485,726,0.7723468,74
465,466, True,368,0.78969957,252.0386266,173,204,0.77244836,74
466,467,FALSE,368,0.78800857,251.4989293,0,0,0.77244836,74
467,468,FALSE,368,0.78632479,250.9615385,0,0,0.77244836,74
468,469,FALSE,368,0.78464819,250.4264392,0,0,0.77244836,74
469,470,FALSE,368,0.78297872,249.893617,0,0,0.77244836,74
470,471, True,369,0.78343949,249.8980892,252,373,0.77221136,73
471,472, True,370,0.78389831,250.2690678,425,680,0.77155752,74
472,473, True,371,0.78435518,250.0465116,145,199,0.77150182,75
473,474,FALSE,371,0.78270042,249.5189873,0,0,0.77150182,74
474,475,FALSE,371,0.78105263,248.9936842,0,0,0.77150182,74
475,476,FALSE,371,0.77941176,248.4705882,0,0,0.77150182,74
476,477,FALSE,371,0.77777778,247.9496855,0,0,0.77150182,73
477,478, True,372,0.77824268,248.3075314,419,543,0.7715023,74
478,479, True,373,0.77870564,248.2901879,240,287,0.77162284,74
479,480, True,374,0.77916667,248.9895833,584,689,0.77196099,74
480,481, True,375,0.77962578,248.8794179,196,269,0.77188582,75
481,482,FALSE,375,0.7780083,248.3630705,0,0,0.77188582,75
482,483, True,376,0.77846791,248.1449275,143,211,0.77175789,76
483,484,FALSE,376,0.7768595,247.6322314,0,0,0.77175789,75
484,485,FALSE,376,0.77525773,247.1216495,0,0,0.77175789,75
485,486,FALSE,376,0.77366255,246.6131687,0,0,0.77175789,74
486,487, True,377,0.77412731,247.2546201,559,825,0.77126021,73
487,488, True,378,0.77459016,247.3913934,314,440,0.77109827,74
488,489, True,379,0.77505112,247.3210634,213,293,0.77101582,74
489,490, True,380,0.7755102,247.6204082,394,513,0.77100609,75
490,491,FALSE,380,0.77393075,247.1160896,0,0,0.77100609,75
491,492,FALSE,380,0.77235772,246.6138211,0,0,0.77100609,75
492,493,FALSE,380,0.77079108,246.1135903,0,0,0.77100609,75
493,494, True,381,0.77125506,246.4757085,425,512,0.77119766,75
494,495, True,382,0.77171717,246.4,209,240,0.77134889,76
495,496, True,383,0.77217742,246.5524194,322,377,0.77154574,76
496,497, True,384,0.77263581,246.8410463,390,523,0.77146073,76
497,498, True,385,0.77309237,247.2409639,446,555,0.77157252,74
498,499, True,386,0.77354709,247.3106212,282,365,0.77157487,75
499,500, True,387,0.774,247.394,289,462,0.77115427,74
